id;title;description;equation
1;Harbor Montana;Corporate Phased relationships;white Brand Money Market Account
2;Salad Web virtual;Refined Squares;maroon
3;EXE projection Fresh;support Gorgeous;withdrawal
4;copying;ability Hat Iraq;magenta Concrete
5;User-centric Gloves;Mauritania;facilitate Tasty Concrete Chips Exclusive
6;Buckinghamshire capability zero tolerance;mission-critical;Berkshire Small Plastic Pants Investor
7;Canadian Dollar;Berkshire Designer;Credit Card Account
8;navigate;Re-contextualized;web-enabled invoice withdrawal
9;bypassing optical;installation;Argentine Peso
10;Kentucky Algerian Dinar Clothing;open-source turn-key;Sausages
