id;content;motto
1;../fake-data/blob/hipster.txt;mobile Fish
2;../fake-data/blob/hipster.txt;Home Loan Account Table Computer
3;../fake-data/blob/hipster.txt;Trace
4;../fake-data/blob/hipster.txt;Savings Account alarm
5;../fake-data/blob/hipster.txt;Tasty Metal Bacon
6;../fake-data/blob/hipster.txt;red Chips Soap
7;../fake-data/blob/hipster.txt;Home Loan Account
8;../fake-data/blob/hipster.txt;web-readiness
9;../fake-data/blob/hipster.txt;Namibia
10;../fake-data/blob/hipster.txt;Steel zero administration
