id;title;description
1;Developer Shoes Music;Buckinghamshire Hollow Shoes
2;withdrawal Generic Frozen Tuna;Gorgeous Cotton Chair Personal Loan Account Borders
3;Norfolk Island Chilean Peso Unidades de fomento Checking Account;invoice Outdoors New York
4;multi-byte Jamaican Dollar North Carolina;Station
5;parsing Investment Account;Branding Dynamic black
6;yellow;Books Generic
7;robust withdrawal generate;Garden open-source hybrid
8;Solomon Islands Dollar;Personal Loan Account HTTP
9;schemas Specialist China;quantify multi-byte
10;interface Cotton Robust;user-centric Infrastructure
