id;text;description
1;Managed Dobra application;../fake-data/blob/hipster.txt
2;Fantastic;../fake-data/blob/hipster.txt
3;Liechtenstein Buckinghamshire monetize;../fake-data/blob/hipster.txt
4;Direct;../fake-data/blob/hipster.txt
5;Small Frozen Salad bypassing;../fake-data/blob/hipster.txt
6;time-frame Quality;../fake-data/blob/hipster.txt
7;Borders Borders Practical;../fake-data/blob/hipster.txt
8;methodical;../fake-data/blob/hipster.txt
9;Pakistan;../fake-data/blob/hipster.txt
10;parse;../fake-data/blob/hipster.txt
