id;title;description;content
1;Industrial;connect Markets Chief;../fake-data/blob/hipster.txt
2;capacitor archive;sky blue Tasty Plastic Pizza;../fake-data/blob/hipster.txt
3;compress South Georgia and the South Sandwich Islands;compelling mission-critical;../fake-data/blob/hipster.txt
4;bifurcated scalable;Small;../fake-data/blob/hipster.txt
5;deliverables reinvent 24 hour;overriding;../fake-data/blob/hipster.txt
6;monitor 1080p Checking Account;world-class Frozen IB;../fake-data/blob/hipster.txt
7;Highway Ergonomic;moratorium moratorium;../fake-data/blob/hipster.txt
8;New York tangible Mississippi;Frozen bus;../fake-data/blob/hipster.txt
9;hard drive Robust Networked;Poland;../fake-data/blob/hipster.txt
10;Small partnerships;Outdoors;../fake-data/blob/hipster.txt
